index,source_id,qid,relation
1,final_questions_evidence_chunks_first7_merged::TR_Gasventing+47+Batteries__TR_Gasventing+48+Batteries__TR_Gasventing+49+Batteries,Q3,both_correct
2,final_questions_evidence_chunks_first7_merged::TR_Gasventing+50+Batteries__TR_Gasventing+51+Batteries__TR_Gasventing+52+Batteries,Q2,both_correct
4,final_questions_evidence_chunks_first7_merged::TR_Gasventing+53+Batteries__TR_Gasventing+54+Batteries__TR_Gasventing+55+Batteries,Q1,both_correct
5,final_questions_evidence_chunks_first7_merged::TR_Gasventing+53+Batteries__TR_Gasventing+54+Batteries__TR_Gasventing+55+Batteries,Q3,both_wrong
7,final_questions_evidence_chunks_first7_merged::TR_Gasventing+62+UnknownJournal__TR_Gasventing+63+Electronics__TR_Gasventing+64+Energies,Q2,both_wrong
8,final_questions_newpdf_bundle_merged::TR_Gasventing+122+Journal_of_Power_Sources__TR_Gasventing+123+Journal_of_Power_Sources__TR_Gasventing+128+Journal_of_Power_Sources,Q1,rag_only_correct
9,final_questions_newpdf_bundle_merged::TR_Gasventing+130+Journal_of_Power_Sources__TR_Gasventing+153+Process_Safety_and_Environmental_Protection__TR_Gasventing+157+Process_Safety_and_Environmental_Protection,Q2,both_wrong
11,final_questions_newpdf_bundle_merged::TR_Gasventing+6+Journal_of_Energy_Storage__TR_Gasventing+7+Journal_of_Energy_Storage__TR_Gasventing+79+Applied_Energy,Q2,rag_only_correct
12,final_questions_newpdf_bundle_merged::TR_Mechanism+210+Journal_of_Energy_Storage__TR_Mechanism+59+UnknownJournal__TR_Mechanism+60+Battery_Energy,Q3,solver_only_correct
13,final_questions_newpdf_bundle_merged::TR_Mechanism+61+UnknownJournal__TR_Mechanism+62+UnknownJournal__TR_Mechanism+66+UnknownJournal,Q1,both_correct
14,final_questions_newpdf_bundle_merged::TR_Mechanism+61+UnknownJournal__TR_Mechanism+62+UnknownJournal__TR_Mechanism+66+UnknownJournal,Q3,both_correct
15,final_questions_newpdf_bundle_merged::TR_Mechanism+67+UnknownJournal__TR_Mechanism+68+UnknownJournal__TR_Mechanism+69+UnknownJournal,Q3,rag_only_correct
16,final_questions_newpdf_bundle_merged::TR_Modelling+101+Applied_Energy__TR_Modelling+131+Energy__TR_Modelling+14+Journal_of_Energy_Storage,Q2,both_correct
17,final_questions_newpdf_bundle_merged::TR_Modelling+153+Journal_of_Power_Sources__TR_Modelling+155+Journal_of_Power_Sources__TR_Modelling+19+Journal_of_Energy_Storage,Q3,rag_only_correct
18,final_questions_newpdf_bundle_merged::TR_Modelling+191+Renewable_and_Sustainable_Energy_Reviews__TR_Modelling+20+Journal_of_Energy_Storage__TR_Modelling+21+Journal_of_Energy_Storage,Q2,rag_only_correct
19,final_questions_newpdf_bundle_merged::TR_Modelling+191+Renewable_and_Sustainable_Energy_Reviews__TR_Modelling+20+Journal_of_Energy_Storage__TR_Modelling+21+Journal_of_Energy_Storage,Q3,rag_only_correct
21,final_questions_newpdf_bundle_merged::TR_Propagation+4+Applied_Energy__TR_Propagation+5+Applied_Energy__TR_Propagation+6+eTransportation,Q1,both_correct
22,final_questions_newpdf_bundle_merged::TR_Propagation+4+Applied_Energy__TR_Propagation+5+Applied_Energy__TR_Propagation+6+eTransportation,Q2,solver_only_correct
23,final_questions_newpdf_bundle_merged::TR_Propagation+4+Applied_Energy__TR_Propagation+5+Applied_Energy__TR_Propagation+6+eTransportation,Q3,both_correct
25,final_questions_newpdf_bundle_merged::TR_Protection+127+Journal_of_Energy_Storage__TR_Protection+131+Journal_of_Energy_Storage__TR_Protection+135+Journal_of_Energy_Storage,Q1,both_correct
28,final_questions_newpdf_bundle_merged::TR_Protection+30+Chemical_Engineering_Journal__TR_Protection+78+Energy__TR_Protection+9+Energy,Q1,solver_only_correct
29,final_questions_newpdf_bundle_merged::TR_Protection+30+Chemical_Engineering_Journal__TR_Protection+78+Energy__TR_Protection+9+Energy,Q2,both_wrong
30,final_questions_newpdf_bundle_merged::TR_trigger+208+Journal_of_Energy_Storage__TR_trigger+217+Process_Safety_and_Environmental_Protection__TR_trigger+36+Journal_of_Energy_Storage,Q2,rag_only_correct
32,final_questions_newpdf_bundle_merged::TR_trigger+63+Process_Safety_and_Environmental_Protection__TR_trigger+75+Journal_of_Power_Sources__TR_trigger+84+Energy_Storage_Materials,Q1,rag_only_correct
33,final_questions_newpdf_bundle_merged::TR_trigger+63+Process_Safety_and_Environmental_Protection__TR_trigger+75+Journal_of_Power_Sources__TR_trigger+84+Energy_Storage_Materials,Q2,both_correct
34,final_questions_newpdf_bundle_merged::TR_trigger+63+Process_Safety_and_Environmental_Protection__TR_trigger+75+Journal_of_Power_Sources__TR_trigger+84+Energy_Storage_Materials,Q3,both_wrong
36,final_questions_round2_bundle_merged::TR_Modelling+167+Process_Safety_and_Environmental_Protection__TR_Modelling+168+Journal_of_Cleaner_Production__TR_Modelling+169+Journal_of_Cleaner_Production,Q2,rag_only_correct
37,final_questions_round2_bundle_merged::TR_Modelling+167+Process_Safety_and_Environmental_Protection__TR_Modelling+168+Journal_of_Cleaner_Production__TR_Modelling+169+Journal_of_Cleaner_Production,Q3,both_wrong
39,final_questions_round2_bundle_merged::TR_Modelling+173+International_Journal_of_Thermal_Sciences__TR_Modelling+174+International_Journal_of_Thermal_Sciences__TR_Modelling+175+Applied_Thermal_Engineering,Q2,both_wrong
41,final_questions_round2_bundle_merged::TR_Modelling+176+Applied_Thermal_Engineering__TR_Modelling+177+Applied_Thermal_Engineering__TR_Modelling+178+Applied_Thermal_Engineering,Q2,rag_only_correct
42,final_questions_round2_bundle_merged::TR_Modelling+176+Applied_Thermal_Engineering__TR_Modelling+177+Applied_Thermal_Engineering__TR_Modelling+178+Applied_Thermal_Engineering,Q3,both_correct
45,final_questions_round2_bundle_merged::TR_Modelling+182+Applied_Thermal_Engineering__TR_Modelling+183+UnknownJournal__TR_Modelling+184+Applied_Thermal_Engineering,Q2,rag_only_correct
46,final_questions_round2_bundle_merged::TR_Modelling+185+Applied_Thermal_Engineering__TR_Modelling+186+Applied_Thermal_Engineering__TR_Modelling+187+Applied_Thermal_Engineering,Q2,rag_only_correct
47,final_questions_round2_bundle_merged::TR_Modelling+185+Applied_Thermal_Engineering__TR_Modelling+186+Applied_Thermal_Engineering__TR_Modelling+187+Applied_Thermal_Engineering,Q3,rag_only_correct
49,final_questions_round2_bundle_merged::TR_Modelling+188+Applied_Thermal_Engineering__TR_Modelling+189+Applied_Thermal_Engineering__TR_Modelling+190+Applied_Thermal_Engineering,Q1,both_correct
50,final_questions_round2_bundle_merged::TR_Modelling+188+Applied_Thermal_Engineering__TR_Modelling+189+Applied_Thermal_Engineering__TR_Modelling+190+Applied_Thermal_Engineering,Q2,both_correct
51,final_questions_round2_bundle_merged::TR_Modelling+188+Applied_Thermal_Engineering__TR_Modelling+189+Applied_Thermal_Engineering__TR_Modelling+190+Applied_Thermal_Engineering,Q3,solver_only_correct
53,final_questions_round2_bundle_merged::TR_Modelling+191+Renewable_and_Sustainable_Energy_Reviews__TR_Modelling+192+Applied_Energy__TR_Modelling+193+UnknownJournal,Q2,solver_only_correct
54,final_questions_round2_bundle_merged::TR_Modelling+194+Chemical_Engineering_Journal__TR_Modelling+195+Physica_E_Low-dimensional_Systems_and_Nanostructures__TR_Modelling+196+Journal_of_Energy_Chemistry,Q2,solver_only_correct
55,final_questions_round2_bundle_merged::TR_Modelling+197+Case_Studies_in_Thermal_Engineering__TR_Modelling+198+Journal_of_Energy_Storage__TR_Modelling+199+Journal_of_Energy_Storage,Q3,solver_only_correct
56,final_questions_round2_bundle_merged::TR_Modelling+200+Journal_of_Energy_Storage__TR_Modelling+201+Journal_of_Energy_Storage__TR_Modelling+202+Journal_of_Energy_Storage,Q3,both_correct
58,final_questions_round3_bundle_merged::TR_Protection+179+Small_Methods__TR_Protection+180+The_Safety_Challenges_and_Strategies_of_Using_Lithium‐Ion_Batteries__TR_Protection+181+Journal_of_The_Electrochemical_Society,Q2,rag_only_correct
60,final_questions_round3_bundle_merged::TR_Protection+182+Volume_6_Energy__TR_Protection+183+World_Electric_Vehicle_Journal__TR_Protection+184+Combustion_and_Flame,Q1,rag_only_correct
61,final_questions_round3_bundle_merged::TR_Protection+182+Volume_6_Energy__TR_Protection+183+World_Electric_Vehicle_Journal__TR_Protection+184+Combustion_and_Flame,Q2,rag_only_correct
63,final_questions_round3_bundle_merged::TR_Protection+185+International_Journal_of_Heat_and_Mass_Transfer__TR_Protection+186+International_Journal_of_Heat_and_Mass_Transfer__TR_Protection+187+Energy_Conversion_and_Management,Q2,both_correct
64,final_questions_round3_bundle_merged::TR_Protection+185+International_Journal_of_Heat_and_Mass_Transfer__TR_Protection+186+International_Journal_of_Heat_and_Mass_Transfer__TR_Protection+187+Energy_Conversion_and_Management,Q3,both_wrong
65,final_questions_round3_bundle_merged::TR_Protection+188+Applied_Energy__TR_Protection+189+Energy__TR_Protection+190+Energy,Q1,rag_only_correct
66,final_questions_round3_bundle_merged::TR_Protection+188+Applied_Energy__TR_Protection+189+Energy__TR_Protection+190+Energy,Q2,both_wrong
67,final_questions_round3_bundle_merged::TR_Protection+188+Applied_Energy__TR_Protection+189+Energy__TR_Protection+190+Energy,Q3,both_correct
69,final_questions_round3_bundle_merged::TR_Protection+197+Renewable_Energy__TR_Protection+198+Applied_Thermal_Engineering__TR_Protection+199+Applied_Thermal_Engineering,Q1,rag_only_correct
70,final_questions_round3_bundle_merged::TR_Protection+197+Renewable_Energy__TR_Protection+198+Applied_Thermal_Engineering__TR_Protection+199+Applied_Thermal_Engineering,Q3,both_correct
71,final_questions_round3_bundle_merged::TR_Protection+200+Chemical_Engineering_Journal__TR_Protection+201+Chemical_Engineering_Journal__TR_Protection+202+Chemical_Engineering_Journal,Q2,rag_only_correct
75,final_questions_round3_bundle_merged::TR_Protection+209+Thermal_Science_and_Engineering_Progress__TR_Protection+210+Thermal_Science_and_Engineering_Progress__TR_Protection+211+Batteries,Q2,both_wrong
76,final_questions_round3_bundle_merged::TR_Protection+212+Batteries__TR_Protection+213+2025_International_Conference_on_Frontier_Technologies_and_Solutions_(ICFTS)__TR_Protection+214+Energies,Q3,rag_only_correct
78,final_questions_round3_bundle_merged::TR_Protection+215+Fire__TR_Protection+216+IEEE_Industry_Applications_Magazine__TR_Protection+217+Polymers,Q2,rag_only_correct
80,final_questions_round4_bundle_merged::TR_Mechanism+171+UnknownJournal__TR_Mechanism+172+UnknownJournal__TR_Mechanism+173+UnknownJournal,Q3,rag_only_correct
81,final_questions_round4_bundle_merged::TR_Mechanism+174+UnknownJournal__TR_Mechanism+175+UnknownJournal__TR_Mechanism+176+UnknownJournal,Q1,both_correct
82,final_questions_round4_bundle_merged::TR_Mechanism+174+UnknownJournal__TR_Mechanism+175+UnknownJournal__TR_Mechanism+176+UnknownJournal,Q2,both_correct
83,final_questions_round4_bundle_merged::TR_Mechanism+174+UnknownJournal__TR_Mechanism+175+UnknownJournal__TR_Mechanism+176+UnknownJournal,Q3,rag_only_correct
85,final_questions_round4_bundle_merged::TR_Mechanism+177+UnknownJournal__TR_Mechanism+178+ENERGY_andamp;_ENVIRONMENTAL_MATERIALS__TR_Mechanism+179+UnknownJournal,Q3,both_correct
88,final_questions_round4_bundle_merged::TR_Mechanism+183+UnknownJournal__TR_Mechanism+184+Energy_Storage_Materials__TR_Mechanism+185+UnknownJournal,Q1,both_correct
89,final_questions_round4_bundle_merged::TR_Mechanism+183+UnknownJournal__TR_Mechanism+184+Energy_Storage_Materials__TR_Mechanism+185+UnknownJournal,Q3,both_wrong
93,final_questions_round4_bundle_merged::TR_Mechanism+198+UnknownJournal__TR_Mechanism+199+UnknownJournal__TR_Mechanism+200+UnknownJournal,Q3,both_wrong
95,final_questions_round4_bundle_merged::TR_Mechanism+201+UnknownJournal__TR_Mechanism+202+UnknownJournal__TR_Mechanism+203+UnknownJournal,Q1,both_wrong
96,final_questions_round4_bundle_merged::TR_Mechanism+201+UnknownJournal__TR_Mechanism+202+UnknownJournal__TR_Mechanism+203+UnknownJournal,Q3,both_wrong
98,final_questions_round4_bundle_merged::TR_Mechanism+204+UnknownJournal__TR_Mechanism+205+UnknownJournal__TR_Mechanism+206+UnknownJournal,Q2,both_correct
99,final_questions_round4_bundle_merged::TR_Mechanism+204+UnknownJournal__TR_Mechanism+205+UnknownJournal__TR_Mechanism+206+UnknownJournal,Q3,both_wrong
101,final_questions_round5_bundle_merged::TR_Dynamics+154+IEEE_Transactions_on_Industrial_Electronics__TR_Dynamics+155+UnknownJournal__TR_Dynamics+156+IEEE_Transactions_on_Vehicular_Technology,Q3,both_wrong
103,final_questions_round5_bundle_merged::TR_Dynamics+157+UnknownJournal__TR_Dynamics+158+World_Electric_Vehicle_Journal__TR_Dynamics+159+Journal_of_Energy_Storage,Q2,rag_only_correct
104,final_questions_round5_bundle_merged::TR_Dynamics+157+UnknownJournal__TR_Dynamics+158+World_Electric_Vehicle_Journal__TR_Dynamics+159+Journal_of_Energy_Storage,Q3,both_correct
105,final_questions_round5_bundle_merged::TR_Dynamics+160+Case_Studies_in_Thermal_Engineering__TR_Dynamics+161+UnknownJournal__TR_Dynamics+162+Energy_Storage_Materials,Q2,rag_only_correct
108,final_questions_round5_bundle_merged::TR_Dynamics+166+Journal_of_Power_Sources__TR_Dynamics+167+Journal_of_Power_Sources__TR_Dynamics+168+Journal_of_Power_Sources,Q3,rag_only_correct
110,final_questions_round5_bundle_merged::TR_Dynamics+169+Journal_of_Cleaner_Production__TR_Dynamics+170+Applied_Thermal_Engineering__TR_Dynamics+171+Case_Studies_in_Thermal_Engineering,Q2,rag_only_correct
113,final_questions_round5_bundle_merged::TR_Dynamics+175+International_Journal_of_Electrochemical_Science__TR_Dynamics+176+Journal_of_Energy_Chemistry__TR_Dynamics+177+Lecture_Notes_in_Electrical_Engineering,Q2,both_correct
114,final_questions_round5_bundle_merged::TR_Dynamics+175+International_Journal_of_Electrochemical_Science__TR_Dynamics+176+Journal_of_Energy_Chemistry__TR_Dynamics+177+Lecture_Notes_in_Electrical_Engineering,Q3,both_wrong
116,final_questions_round5_bundle_merged::TR_Dynamics+178+Data_in_Brief__TR_Dynamics+179+Energy_Reports__TR_Dynamics+180+Energy_Storage_Materials,Q1,both_wrong
117,final_questions_round5_bundle_merged::TR_Dynamics+178+Data_in_Brief__TR_Dynamics+179+Energy_Reports__TR_Dynamics+180+Energy_Storage_Materials,Q2,rag_only_correct
118,final_questions_round5_bundle_merged::TR_Dynamics+178+Data_in_Brief__TR_Dynamics+179+Energy_Reports__TR_Dynamics+180+Energy_Storage_Materials,Q3,both_wrong
120,final_questions_round5_bundle_merged::TR_Dynamics+181+Thermal_Science_and_Engineering_Progress__TR_Dynamics+182+Case_Studies_in_Thermal_Engineering__TR_Dynamics+183+2006_12th_Biennial_IEEE_Conference_on_Electromagnetic_Field_Computation,Q1,both_wrong
121,final_questions_round5_bundle_merged::TR_Dynamics+184+UnknownJournal__TR_Dynamics+185+Energy__TR_Dynamics+186+UnknownJournal,Q1,both_correct
123,final_questions_round5_bundle_merged::TR_Dynamics+187+UnknownJournal__TR_Dynamics+188+UnknownJournal__TR_Dynamics+189+UnknownJournal,Q1,both_wrong
125,final_questions_round5_bundle_merged::TR_Dynamics+190+UnknownJournal__TR_Dynamics+191+UnknownJournal__TR_Dynamics+192+UnknownJournal,Q1,both_correct
126,final_questions_round5_bundle_merged::TR_Dynamics+190+UnknownJournal__TR_Dynamics+191+UnknownJournal__TR_Dynamics+192+UnknownJournal,Q3,rag_only_correct
128,final_questions_round6_bundle_merged::TR_Gasventing+159+Process_Safety_and_Environmental_Protection__TR_Gasventing+160+Process_Safety_and_Environmental_Protection__TR_Gasventing+161+Process_Safety_and_Environmental_Protection,Q3,rag_only_correct
130,final_questions_round6_bundle_merged::TR_Gasventing+162+Journal_of_Cleaner_Production__TR_Gasventing+163+Renewable_Energy__TR_Gasventing+164+Journal_of_Industrial_and_Engineering_Chemistry,Q3,rag_only_correct
132,final_questions_round6_bundle_merged::TR_Gasventing+168+Applied_Thermal_Engineering__TR_Gasventing+169+International_Journal_of_Heat_and_Mass_Transfer__TR_Gasventing+170+Applied_Thermal_Engineering,Q2,both_correct
133,final_questions_round6_bundle_merged::TR_Gasventing+168+Applied_Thermal_Engineering__TR_Gasventing+169+International_Journal_of_Heat_and_Mass_Transfer__TR_Gasventing+170+Applied_Thermal_Engineering,Q3,rag_only_correct
137,final_questions_round6_bundle_merged::TR_Gasventing+180+Environment_International__TR_Gasventing+181+Nano_Energy__TR_Gasventing+182+Case_Studies_in_Thermal_Engineering,Q3,rag_only_correct
140,final_questions_round6_bundle_merged::TR_Gasventing+186+Journal_of_Energy_Storage__TR_Gasventing+187+Journal_of_Energy_Storage__TR_Gasventing+188+Journal_of_Energy_Storage,Q1,rag_only_correct
142,final_questions_round6_bundle_merged::TR_Gasventing+189+Journal_of_Energy_Storage__TR_Gasventing+190+Journal_of_Energy_Storage__TR_Gasventing+191+Journal_of_Hazardous_Materials,Q3,both_correct
144,final_questions_round6_bundle_merged::TR_Gasventing+195+Journal_of_Energy_Storage__TR_Gasventing+196+Journal_of_Energy_Storage__TR_Gasventing+197+Journal_of_Energy_Storage,Q1,solver_only_correct
145,final_questions_round6_bundle_merged::TR_Gasventing+198+Journal_of_Energy_Storage__TR_Gasventing+199+Journal_of_Energy_Storage__TR_Gasventing+200+Journal_of_Energy_Storage,Q3,both_correct
147,final_questions_round7_bundle_merged::TR_Gasventing+117+Journal_of_Power_Sources__TR_Gasventing+118+Journal_of_Power_Sources__TR_Gasventing+119+Journal_of_Power_Sources,Q2,both_correct
149,final_questions_round7_bundle_merged::TR_Gasventing+120+Journal_of_Power_Sources__TR_Gasventing+121+Journal_of_Power_Sources__TR_Gasventing+122+Journal_of_Power_Sources,Q2,both_wrong
151,final_questions_round7_bundle_merged::TR_Gasventing+123+Journal_of_Power_Sources__TR_Gasventing+124+UnknownJournal__TR_Gasventing+125+Fuel,Q2,both_wrong
152,final_questions_round7_bundle_merged::TR_Gasventing+123+Journal_of_Power_Sources__TR_Gasventing+124+UnknownJournal__TR_Gasventing+125+Fuel,Q3,rag_only_correct
155,final_questions_round7_bundle_merged::TR_Gasventing+129+Journal_of_Power_Sources__TR_Gasventing+130+Journal_of_Power_Sources__TR_Gasventing+131+Journal_of_Power_Sources,Q2,solver_only_correct
156,final_questions_round7_bundle_merged::TR_Gasventing+129+Journal_of_Power_Sources__TR_Gasventing+130+Journal_of_Power_Sources__TR_Gasventing+131+Journal_of_Power_Sources,Q3,both_correct
158,final_questions_round7_bundle_merged::TR_Gasventing+132+Journal_of_Power_Sources__TR_Gasventing+133+Journal_of_Power_Sources__TR_Gasventing+134+Fire_Safety_Journal,Q2,rag_only_correct
159,final_questions_round7_bundle_merged::TR_Gasventing+132+Journal_of_Power_Sources__TR_Gasventing+133+Journal_of_Power_Sources__TR_Gasventing+134+Fire_Safety_Journal,Q3,both_correct
160,final_questions_round7_bundle_merged::TR_Gasventing+135+Fire_Safety_Journal__TR_Gasventing+136+Fuel__TR_Gasventing+137+Journal_of_Loss_Prevention_in_the_Process_Industries,Q3,both_wrong
162,final_questions_round7_bundle_merged::TR_Gasventing+138+Journal_of_Loss_Prevention_in_the_Process_Industries__TR_Gasventing+139+Journal_of_Loss_Prevention_in_the_Process_Industries__TR_Gasventing+140+Journal_of_Loss_Prevention_in_the_Process_Industries,Q2,rag_only_correct
164,final_questions_round7_bundle_merged::TR_Gasventing+141+Journal_of_Loss_Prevention_in_the_Process_Industries__TR_Gasventing+142+Journal_of_Loss_Prevention_in_the_Process_Industries__TR_Gasventing+143+Journal_of_Loss_Prevention_in_the_Process_Industries,Q2,both_correct
165,final_questions_round7_bundle_merged::TR_Gasventing+144+Journal_of_Loss_Prevention_in_the_Process_Industries__TR_Gasventing+145+Journal_of_Loss_Prevention_in_the_Process_Industries__TR_Gasventing+146+Journal_of_Loss_Prevention_in_the_Process_Industries,Q2,rag_only_correct
166,final_questions_round7_bundle_merged::TR_Gasventing+150+Journal_of_Loss_Prevention_in_the_Process_Industries__TR_Gasventing+151+Process_Safety_and_Environmental_Protection__TR_Gasventing+152+Process_Safety_and_Environmental_Protection,Q2,rag_only_correct
168,final_questions_round7_bundle_merged::TR_Gasventing+153+Process_Safety_and_Environmental_Protection__TR_Gasventing+154+Process_Safety_and_Environmental_Protection__TR_Gasventing+155+Process_Safety_and_Environmental_Protection,Q3,rag_only_correct
169,final_questions_round7_from42sets_merged::TR_Gasventing+117+Journal_of_Power_Sources,Q1,rag_only_correct
170,final_questions_round7_from42sets_merged::TR_Gasventing+117+Journal_of_Power_Sources,Q3,rag_only_correct
172,final_questions_round7_from42sets_merged::TR_Gasventing+118+Journal_of_Power_Sources,Q3,both_correct
174,final_questions_round7_from42sets_merged::TR_Gasventing+119+Journal_of_Power_Sources,Q1,both_wrong
176,final_questions_round7_from42sets_merged::TR_Gasventing+120+Journal_of_Power_Sources,Q1,rag_only_correct
177,final_questions_round7_from42sets_merged::TR_Gasventing+122+Journal_of_Power_Sources,Q2,both_correct
179,final_questions_round7_from42sets_merged::TR_Gasventing+123+Journal_of_Power_Sources,Q1,solver_only_correct
182,final_questions_round7_from42sets_merged::TR_Gasventing+125+Fuel,Q2,rag_only_correct
183,final_questions_round7_from42sets_merged::TR_Gasventing+125+Fuel,Q3,both_correct
185,final_questions_round7_from42sets_merged::TR_Gasventing+126+Journal_of_Power_Sources,Q3,both_correct
187,final_questions_round7_from42sets_merged::TR_Gasventing+127+Journal_of_Power_Sources,Q1,both_correct
188,final_questions_round7_from42sets_merged::TR_Gasventing+128+Journal_of_Power_Sources,Q2,rag_only_correct
189,final_questions_round7_from42sets_merged::TR_Gasventing+128+Journal_of_Power_Sources,Q3,both_correct
190,final_questions_round7_from42sets_merged::TR_Gasventing+129+Journal_of_Power_Sources,Q3,both_wrong
191,final_questions_round7_from42sets_merged::TR_Gasventing+130+Journal_of_Power_Sources,Q3,both_wrong
192,final_questions_round7_from42sets_merged::TR_Gasventing+131+Journal_of_Power_Sources,Q2,both_correct
193,final_questions_round7_from42sets_merged::TR_Gasventing+131+Journal_of_Power_Sources,Q3,both_correct
195,final_questions_round7_from42sets_merged::TR_Gasventing+132+Journal_of_Power_Sources,Q1,solver_only_correct
196,final_questions_round7_from42sets_merged::TR_Gasventing+132+Journal_of_Power_Sources,Q2,solver_only_correct
197,final_questions_round7_from42sets_merged::TR_Gasventing+132+Journal_of_Power_Sources,Q3,both_wrong
200,final_questions_round7_from42sets_merged::TR_Gasventing+134+Fire_Safety_Journal,Q2,rag_only_correct
201,final_questions_round7_from42sets_merged::TR_Gasventing+134+Fire_Safety_Journal,Q3,both_wrong
203,final_questions_round7_from42sets_merged::TR_Gasventing+135+Fire_Safety_Journal,Q2,rag_only_correct
206,final_questions_round7_from42sets_merged::TR_Gasventing+138+Journal_of_Loss_Prevention_in_the_Process_Industries,Q1,both_correct
207,final_questions_round7_from42sets_merged::TR_Gasventing+138+Journal_of_Loss_Prevention_in_the_Process_Industries,Q3,rag_only_correct
209,final_questions_round7_from42sets_merged::TR_Gasventing+139+Journal_of_Loss_Prevention_in_the_Process_Industries,Q2,rag_only_correct
210,final_questions_round7_from42sets_merged::TR_Gasventing+139+Journal_of_Loss_Prevention_in_the_Process_Industries,Q3,rag_only_correct
212,final_questions_round7_from42sets_merged::TR_Gasventing+140+Journal_of_Loss_Prevention_in_the_Process_Industries,Q1,both_correct
213,final_questions_round7_from42sets_merged::TR_Gasventing+140+Journal_of_Loss_Prevention_in_the_Process_Industries,Q2,both_correct
214,final_questions_round7_from42sets_merged::TR_Gasventing+140+Journal_of_Loss_Prevention_in_the_Process_Industries,Q3,both_correct
216,final_questions_round7_from42sets_merged::TR_Gasventing+141+Journal_of_Loss_Prevention_in_the_Process_Industries,Q1,both_correct
218,final_questions_round7_from42sets_merged::TR_Gasventing+142+Journal_of_Loss_Prevention_in_the_Process_Industries,Q2,both_correct
220,final_questions_round7_from42sets_merged::TR_Gasventing+143+Journal_of_Loss_Prevention_in_the_Process_Industries,Q1,both_correct
222,final_questions_round7_from42sets_merged::TR_Gasventing+146+Journal_of_Loss_Prevention_in_the_Process_Industries,Q1,both_correct
223,final_questions_round7_from42sets_merged::TR_Gasventing+146+Journal_of_Loss_Prevention_in_the_Process_Industries,Q2,rag_only_correct
224,final_questions_round7_from42sets_merged::TR_Gasventing+146+Journal_of_Loss_Prevention_in_the_Process_Industries,Q3,both_wrong
226,final_questions_round7_from42sets_merged::TR_Gasventing+147+Fuel,Q3,rag_only_correct
228,final_questions_round7_from42sets_merged::TR_Gasventing+149+Journal_of_Loss_Prevention_in_the_Process_Industries,Q3,rag_only_correct
229,final_questions_round7_from42sets_merged::TR_Gasventing+150+Journal_of_Loss_Prevention_in_the_Process_Industries,Q1,rag_only_correct
230,final_questions_round7_from42sets_merged::TR_Gasventing+150+Journal_of_Loss_Prevention_in_the_Process_Industries,Q2,rag_only_correct
232,final_questions_round7_from42sets_merged::TR_Gasventing+151+Process_Safety_and_Environmental_Protection,Q1,both_correct
234,final_questions_round7_from42sets_merged::TR_Gasventing+152+Process_Safety_and_Environmental_Protection,Q2,rag_only_correct
235,final_questions_round7_from42sets_merged::TR_Gasventing+152+Process_Safety_and_Environmental_Protection,Q3,rag_only_correct
237,final_questions_round7_from42sets_merged::TR_Gasventing+153+Process_Safety_and_Environmental_Protection,Q2,both_correct
239,final_questions_round7_from42sets_merged::TR_Gasventing+154+Process_Safety_and_Environmental_Protection,Q3,both_correct
240,final_questions_round7_from42sets_merged::TR_Gasventing+155+Process_Safety_and_Environmental_Protection,Q1,both_correct
241,final_questions_round7_from42sets_merged::TR_Gasventing+155+Process_Safety_and_Environmental_Protection,Q3,rag_only_correct
243,final_questions_round7_from42sets_merged::TR_Gasventing+157+Process_Safety_and_Environmental_Protection,Q2,both_wrong
,final_questions::TR_Dynamics+1+UnknownJournal__TR_Dynamics+2+Batteries__TR_Dynamics+3+UnknownJournal,Q1,both_correct
,final_questions::TR_Dynamics+1+UnknownJournal__TR_Dynamics+2+Batteries__TR_Dynamics+3+UnknownJournal,Q3,both_correct
,final_questions::TR_Gasventing+1+UnknownJournal__TR_Gasventing+2+Journal_of_Hazardous_Materials__TR_Gasventing+3+Journal_of_Energy_Storage,Q3,both_correct
,final_questions::TR_Mechanism+1+UnknownJournal__TR_Mechanism+2+UnknownJournal__TR_Mechanism+3+UnknownJournal,Q3,both_correct
,final_questions::TR_Modelling+1+UnknownJournal__TR_Modelling+2+Applied_Energy__TR_Modelling+3+Journal_of_Energy_Storage,Q2,both_wrong
,final_questions::TR_trigger+1+Applied_Thermal_Engineering__TR_trigger+2+ENERGY_andamp;_ENVIRONMENTAL_MATERIALS__TR_trigger+3+International_Journal_of_Heat_and_Mass_Transfer,Q2,both_correct
,final_questions::产气机理__产气机理2__产气机理3,Q1,both_wrong
,final_questions::气体排放65__气体排放79__气体排放81,Q3,both_correct
,final_questions::热失控传播行为1__热失控传播行为2__热失控传播行为3,Q2,both_correct
,final_questions_newdata_success_merged::TR_Gasventing+13+Journal_of_Hazardous_Materials__TR_Gasventing+14+Journal_of_Energy_Storage__TR_Gasventing+15+Journal_of_Energy_Storage,Q3,solver_only_correct
,final_questions_newdata_success_merged::TR_Gasventing+22+Journal_of_Energy_Storage__TR_Gasventing+23+Journal_of_Energy_Storage__TR_Gasventing+24+Journal_of_Hazardous_Materials,Q1,both_correct
,final_questions_newdata_success_merged::TR_Gasventing+22+Journal_of_Energy_Storage__TR_Gasventing+23+Journal_of_Energy_Storage__TR_Gasventing+24+Journal_of_Hazardous_Materials,Q3,both_correct
,final_questions_newdata_success_merged::TR_Gasventing+7+Journal_of_Energy_Storage__TR_Gasventing+8+Journal_of_Energy_Storage__TR_Gasventing+9+Journal_of_Energy_Storage,Q3,solver_only_correct
,final_questions_newdata_success_merged::TR_Modelling+13+Applied_Energy__TR_Modelling+14+Journal_of_Energy_Storage__TR_Modelling+15+2024_6th_International_Conference_on_Electrical_Engineering_and_Control_Technolo,Q1,solver_only_correct
,final_questions_newdata_success_merged::TR_Modelling+13+Applied_Energy__TR_Modelling+14+Journal_of_Energy_Storage__TR_Modelling+15+2024_6th_International_Conference_on_Electrical_Engineering_and_Control_Technolo,Q3,both_wrong
,final_questions_newdata_success_merged::TR_Modelling+22+Energy_Reports__TR_Modelling+23+Energy_Storage_Materials__TR_Modelling+24+Applied_Energy,Q1,both_wrong
,final_questions_newdata_success_merged::TR_Protection+119+Journal_of_Energy_Storage__TR_Protection+120+Journal_of_Energy_Storage__TR_Protection+121+Journal_of_Energy_Storage,Q2,both_correct
,final_questions_newdata_success_merged::TR_Protection+131+Journal_of_Energy_Storage__TR_Protection+132+Journal_of_Energy_Storage__TR_Protection+133+Journal_of_Energy_Storage,Q2,both_wrong
,final_questions_newdata_success_merged::TR_Protection+134+Journal_of_Energy_Storage__TR_Protection+204+Case_Studies_in_Thermal_Engineering__TR_Protection+205+Journal_of_Energy_Storage,Q1,both_correct
,final_questions_newdata_success_merged::TR_Protection+134+Journal_of_Energy_Storage__TR_Protection+204+Case_Studies_in_Thermal_Engineering__TR_Protection+205+Journal_of_Energy_Storage,Q3,both_correct
,final_questions_random3_merged::TR_Dynamics+1+UnknownJournal__TR_Dynamics+10+Batteries__TR_Dynamics+11+UnknownJournal,Q2,both_wrong
,final_questions_random3_merged::TR_Dynamics+1+UnknownJournal__TR_Dynamics+10+Batteries__TR_Dynamics+11+UnknownJournal,Q3,rag_only_correct
,final_questions_random3_merged::TR_Dynamics+15+Batteries__TR_Dynamics+16+Batteries__TR_Dynamics+17+Batteries,Q1,solver_only_correct
,final_questions_random3_merged::TR_Dynamics+15+Batteries__TR_Dynamics+16+Batteries__TR_Dynamics+17+Batteries,Q3,rag_only_correct
,final_questions_random3_merged::TR_Dynamics+20+Batteries__TR_Dynamics+21+Batteries__TR_Dynamics+22+Batteries,Q1,rag_only_correct
,final_questions_random3_merged::TR_Dynamics+23+Batteries__TR_Dynamics+24+Nano_Energy__TR_Dynamics+25+Journal_of_The_Electrochemical_Society,Q2,both_correct
,final_questions_random3_merged::TR_Dynamics+26+UnknownJournal__TR_Dynamics+27+RSC_Advances__TR_Dynamics+3+UnknownJournal,Q3,both_correct
,final_questions_random3_merged::TR_Dynamics+7+ACS_Applied_Materials_andamp;_Interfaces__TR_Dynamics+8+Advanced_Science__TR_Dynamics+9+IEEE_Access,Q3,both_correct
,final_questions_random3_merged::TR_Mechanism+1+UnknownJournal__TR_Mechanism+10+Applied_Energy__TR_Mechanism+11+UnknownJournal,Q1,both_correct
,final_questions_random3_merged::TR_Mechanism+1+UnknownJournal__TR_Mechanism+10+Applied_Energy__TR_Mechanism+11+UnknownJournal,Q2,both_wrong
,final_questions_random3_merged::TR_Mechanism+1+UnknownJournal__TR_Mechanism+10+Applied_Energy__TR_Mechanism+11+UnknownJournal,Q3,both_correct
,final_questions_random3_merged::TR_Mechanism+12+UnknownJournal__TR_Mechanism+13+UnknownJournal__TR_Mechanism+14+Journal_of_Power_Sources,Q1,rag_only_correct
,final_questions_random3_merged::TR_Mechanism+12+UnknownJournal__TR_Mechanism+13+UnknownJournal__TR_Mechanism+14+Journal_of_Power_Sources,Q2,both_wrong
,final_questions_random3_merged::TR_Mechanism+26+UnknownJournal__TR_Mechanism+27+Energy__TR_Mechanism+3+UnknownJournal,Q2,both_correct
,final_questions_random3_merged::TR_Mechanism+26+UnknownJournal__TR_Mechanism+27+Energy__TR_Mechanism+3+UnknownJournal,Q3,both_correct
,final_questions_random3_merged::TR_Mechanism+7+UnknownJournal__TR_Mechanism+8+UnknownJournal__TR_Mechanism+9+Advanced_Energy_and_Sustainability_Research,Q1,both_correct
,final_questions_random3_merged::TR_Mechanism+7+UnknownJournal__TR_Mechanism+8+UnknownJournal__TR_Mechanism+9+Advanced_Energy_and_Sustainability_Research,Q2,both_correct
,final_questions_random3_merged::TR_Mechanism+7+UnknownJournal__TR_Mechanism+8+UnknownJournal__TR_Mechanism+9+Advanced_Energy_and_Sustainability_Research,Q3,both_wrong
,final_questions_random3_merged::TR_Modelling+1+UnknownJournal__TR_Modelling+2+Applied_Energy__TR_Modelling+3+Journal_of_Energy_Storage,Q2,solver_only_correct
,final_questions_random3_merged::TR_Modelling+1+UnknownJournal__TR_Modelling+2+Applied_Energy__TR_Modelling+3+Journal_of_Energy_Storage,Q3,both_wrong
,final_questions_random3_merged::TR_Propagation+1+Applied_Energy__TR_Propagation+2+Applied_Energy__TR_Propagation+3+Applied_Energy,Q2,rag_only_correct
,final_questions_random3_merged::TR_Protection+116+Case_Studies_in_Thermal_Engineering__TR_Protection+117+Case_Studies_in_Thermal_Engineering__TR_Protection+204+Case_Studies_in_Thermal_Engineering,Q3,both_wrong
,final_questions_random3_merged::TR_trigger+1+Applied_Thermal_Engineering__TR_trigger+10+Renewable_and_Sustainable_Energy_Reviews__TR_trigger+11+Fire_Safety_Journal,Q1,both_correct
,final_questions_random3_merged::TR_trigger+1+Applied_Thermal_Engineering__TR_trigger+10+Renewable_and_Sustainable_Energy_Reviews__TR_trigger+11+Fire_Safety_Journal,Q3,both_correct
,final_questions_random3_merged::TR_trigger+12+Energy__TR_trigger+13+Journal_of_Power_Sources__TR_trigger+14+Applied_Thermal_Engineering,Q3,both_wrong
,final_questions_random3_merged::TR_trigger+15+Energy__TR_trigger+16+Journal_of_Power_Sources__TR_trigger+17+Energy_Conversion_and_Management,Q1,both_correct
,final_questions_random3_merged::TR_trigger+15+Energy__TR_trigger+16+Journal_of_Power_Sources__TR_trigger+17+Energy_Conversion_and_Management,Q2,both_wrong
,final_questions_random3_merged::TR_trigger+26+Applied_Thermal_Engineering__TR_trigger+27+Journal_of_Energy_Storage__TR_trigger+3+International_Journal_of_Heat_and_Mass_Transfer,Q1,both_correct
,final_questions_random3_merged::TR_trigger+26+Applied_Thermal_Engineering__TR_trigger+27+Journal_of_Energy_Storage__TR_trigger+3+International_Journal_of_Heat_and_Mass_Transfer,Q2,both_wrong
,final_questions_random3_merged::TR_trigger+26+Applied_Thermal_Engineering__TR_trigger+27+Journal_of_Energy_Storage__TR_trigger+3+International_Journal_of_Heat_and_Mass_Transfer,Q3,both_correct
,final_questions_random3_merged::TR_trigger+7+Journal_of_Loss_Prevention_in_the_Process_Industries__TR_trigger+8+ACS_Applied_Materials_andamp;_Interfaces__TR_trigger+9+Applied_Thermal_Engineering,Q1,both_correct
,final_questions_random3_merged::工程防护策略1-001__工程防护策略1-002__工程防护策略1-003,Q3,both_wrong
,final_questions_random3_merged::建模预测71__建模预测94__建模预测95,Q2,both_wrong
,final_questions_random3_merged::机械滥用2__机械滥用3__机械滥用4,Q2,both_correct
,final_questions_random3_merged::机械滥用2__机械滥用3__机械滥用4,Q3,both_wrong
,final_questions_random3_merged::热失控传播行为1__热失控传播行为2__热失控传播行为3,Q2,both_correct
,final_questions_random3_merged::热失控传播行为1__热失控传播行为2__热失控传播行为3,Q3,rag_only_correct
,final_questions_random3_merged::热失控动力学1__热失控动力学2__热失控动力学3,Q1,both_correct
,final_questions_random3_merged::热失控动力学1__热失控动力学2__热失控动力学3,Q3,both_correct
